<?xml version="1.0" encoding="UTF-8"?>
<GenRun Id="synth_1" LaunchPart="xc7a100tcsg324-1" LaunchTime="1694503703">
  <File Type="PA-TCL" Name="CPU_RISCV.tcl"/>
  <File Type="RDS-PROPCONSTRS" Name="CPU_RISCV_drc_synth.rpt"/>
  <File Type="REPORTS-TCL" Name="CPU_RISCV_reports.tcl"/>
  <File Type="RDS-RDS" Name="CPU_RISCV.vds"/>
  <File Type="RDS-UTIL" Name="CPU_RISCV_utilization_synth.rpt"/>
  <File Type="RDS-UTIL-PB" Name="CPU_RISCV_utilization_synth.pb"/>
  <File Type="RDS-DCP" Name="CPU_RISCV.dcp"/>
  <File Type="VDS-TIMINGSUMMARY" Name="CPU_RISCV_timing_summary_synth.rpt"/>
  <File Type="VDS-TIMING-PB" Name="CPU_RISCV_timing_summary_synth.pb"/>
  <FileSet Name="sources" Type="DesignSrcs" RelSrcDir="$PSRCDIR/sources_1">
    <Filter Type="Srcs"/>
    <File Path="$PSRCDIR/sources_1/imports/risc-V/ALU.v">
      <FileInfo>
        <Attr Name="ImportPath" Val="$PPRDIR/../../risc-V/ALU.v"/>
        <Attr Name="ImportTime" Val="1694498449"/>
        <Attr Name="UsedIn" Val="synthesis"/>
        <Attr Name="UsedIn" Val="implementation"/>
        <Attr Name="UsedIn" Val="simulation"/>
      </FileInfo>
    </File>
    <File Path="$PSRCDIR/sources_1/imports/risc-V/FPGADigit.v">
      <FileInfo>
        <Attr Name="ImportPath" Val="$PPRDIR/../../risc-V/FPGADigit.v"/>
        <Attr Name="ImportTime" Val="1694497523"/>
        <Attr Name="UsedIn" Val="synthesis"/>
        <Attr Name="UsedIn" Val="implementation"/>
        <Attr Name="UsedIn" Val="simulation"/>
      </FileInfo>
    </File>
    <File Path="$PSRCDIR/sources_1/imports/risc-V/extender.v">
      <FileInfo>
        <Attr Name="ImportPath" Val="$PPRDIR/../../risc-V/extender.v"/>
        <Attr Name="ImportTime" Val="1694494956"/>
        <Attr Name="UsedIn" Val="synthesis"/>
        <Attr Name="UsedIn" Val="implementation"/>
        <Attr Name="UsedIn" Val="simulation"/>
      </FileInfo>
    </File>
    <File Path="$PSRCDIR/sources_1/imports/risc-V/hard_wire_controller.v">
      <FileInfo>
        <Attr Name="ImportPath" Val="$PPRDIR/../../risc-V/hard_wire_controller.v"/>
        <Attr Name="ImportTime" Val="1694494505"/>
        <Attr Name="UsedIn" Val="synthesis"/>
        <Attr Name="UsedIn" Val="implementation"/>
        <Attr Name="UsedIn" Val="simulation"/>
      </FileInfo>
    </File>
    <File Path="$PSRCDIR/sources_1/imports/risc-V/memory.v">
      <FileInfo>
        <Attr Name="ImportPath" Val="$PPRDIR/../../risc-V/memory.v"/>
        <Attr Name="ImportTime" Val="1694498421"/>
        <Attr Name="UsedIn" Val="synthesis"/>
        <Attr Name="UsedIn" Val="implementation"/>
        <Attr Name="UsedIn" Val="simulation"/>
      </FileInfo>
    </File>
    <File Path="$PSRCDIR/sources_1/imports/risc-V/multiuse.v">
      <FileInfo>
        <Attr Name="ImportPath" Val="$PPRDIR/../../risc-V/multiuse.v"/>
        <Attr Name="ImportTime" Val="1694494083"/>
        <Attr Name="UsedIn" Val="synthesis"/>
        <Attr Name="UsedIn" Val="implementation"/>
        <Attr Name="UsedIn" Val="simulation"/>
      </FileInfo>
    </File>
    <File Path="$PSRCDIR/sources_1/imports/risc-V/shifter.v">
      <FileInfo>
        <Attr Name="ImportPath" Val="$PPRDIR/../../risc-V/shifter.v"/>
        <Attr Name="ImportTime" Val="1694494621"/>
        <Attr Name="UsedIn" Val="synthesis"/>
        <Attr Name="UsedIn" Val="implementation"/>
        <Attr Name="UsedIn" Val="simulation"/>
      </FileInfo>
    </File>
    <File Path="$PSRCDIR/sources_1/imports/risc-V/CPU.v">
      <FileInfo>
        <Attr Name="ImportPath" Val="$PPRDIR/../../risc-V/CPU.v"/>
        <Attr Name="ImportTime" Val="1694498408"/>
        <Attr Name="UsedIn" Val="synthesis"/>
        <Attr Name="UsedIn" Val="implementation"/>
        <Attr Name="UsedIn" Val="simulation"/>
      </FileInfo>
    </File>
    <File Path="$PSRCDIR/sources_1/imports/risc-V/CPU_RISCV_tb.v">
      <FileInfo>
        <Attr Name="AutoDisabled" Val="1"/>
        <Attr Name="ImportPath" Val="$PPRDIR/../../risc-V/CPU_RISCV_tb.v"/>
        <Attr Name="ImportTime" Val="1670412991"/>
        <Attr Name="UsedIn" Val="synthesis"/>
        <Attr Name="UsedIn" Val="implementation"/>
        <Attr Name="UsedIn" Val="simulation"/>
      </FileInfo>
    </File>
    <Config>
      <Option Name="DesignMode" Val="RTL"/>
      <Option Name="TopModule" Val="CPU_RISCV"/>
    </Config>
  </FileSet>
  <FileSet Name="constrs_in" Type="Constrs" RelSrcDir="$PSRCDIR/constrs_1">
    <Filter Type="Constrs"/>
    <File Path="$PSRCDIR/constrs_1/imports/risc-V/Nexys4DDR_Master.xdc">
      <FileInfo>
        <Attr Name="ImportPath" Val="$PPRDIR/../Nexys4DDR_Master.xdc"/>
        <Attr Name="ImportTime" Val="1491987576"/>
        <Attr Name="UsedIn" Val="synthesis"/>
        <Attr Name="UsedIn" Val="implementation"/>
      </FileInfo>
    </File>
    <Config>
      <Option Name="ConstrsType" Val="XDC"/>
    </Config>
  </FileSet>
  <Strategy Version="1" Minor="2">
    <StratHandle Name="Vivado Synthesis Defaults" Flow="Vivado Synthesis 2018"/>
    <Step Id="synth_design"/>
  </Strategy>
</GenRun>
